"ITEM_ID","PL_Worth","Global_Rank"
"3",0.582528155286005,1
"8",0.145738157966204,2
"5",0.111274055279311,3
"11",0.0481333415200409,4
"4",0.0460692255862977,5
"12",0.0278078513562768,6
"6",0.0126723468122035,7
"1",0.0110561029732569,8
"10",0.00627268589357789,9
"7",0.00601728833581046,10
"2",0.00134110633397741,11
"9",0.00108968265703806,12
